<?xml version="1.0"?>
<doc>
    <assembly>
        <name>Pdf4me.Client</name>
    </assembly>
    <members>
        <member name="M:Pdf4meClient.MergeClient.Merge2PdfsAsync(System.Object,System.Object)">
            <returns>Result contains a merged PDF document.</returns>
            <exception cref="T:Pdf4meClient.Pdf4meApiException">A server side error occurred.</exception>
        </member>
        <member name="M:Pdf4meClient.MergeClient.Merge2PdfsAsync(System.Object,System.Object,System.Threading.CancellationToken)">
            <returns>Result contains a merged PDF document.</returns>
            <exception cref="T:Pdf4meClient.Pdf4meApiException">A server side error occurred.</exception>
            <param name="cancellationToken">A cancellation token that can be used by other objects or threads to receive notice of cancellation.</param>
        </member>
        <member name="M:Pdf4meClient.MergeClient.MergeAsync(Pdf4meClient.Merge)">
            <returns>Result contains a merged PDF document.</returns>
            <exception cref="T:Pdf4meClient.Pdf4meApiException">A server side error occurred.</exception>
        </member>
        <member name="M:Pdf4meClient.MergeClient.MergeAsync(Pdf4meClient.Merge,System.Threading.CancellationToken)">
            <returns>Result contains a merged PDF document.</returns>
            <exception cref="T:Pdf4meClient.Pdf4meApiException">A server side error occurred.</exception>
            <param name="cancellationToken">A cancellation token that can be used by other objects or threads to receive notice of cancellation.</param>
        </member>
        <member name="M:Pdf4meClient.StampClient.TextStampAsync(System.String,System.String,Pdf4meClient.AlignX,Pdf4meClient.AlignY,System.Object)">
            <returns>Result contains an stamped PDF document.</returns>
            <exception cref="T:Pdf4meClient.Pdf4meApiException">A server side error occurred.</exception>
        </member>
        <member name="M:Pdf4meClient.StampClient.TextStampAsync(System.String,System.String,Pdf4meClient.AlignX,Pdf4meClient.AlignY,System.Object,System.Threading.CancellationToken)">
            <returns>Result contains an stamped PDF document.</returns>
            <exception cref="T:Pdf4meClient.Pdf4meApiException">A server side error occurred.</exception>
            <param name="cancellationToken">A cancellation token that can be used by other objects or threads to receive notice of cancellation.</param>
        </member>
        <member name="M:Pdf4meClient.StampClient.StampAsync(Pdf4meClient.Stamp)">
            <returns>Result contains stamped document</returns>
            <exception cref="T:Pdf4meClient.Pdf4meApiException">A server side error occurred.</exception>
        </member>
        <member name="M:Pdf4meClient.StampClient.StampAsync(Pdf4meClient.Stamp,System.Threading.CancellationToken)">
            <returns>Result contains stamped document</returns>
            <exception cref="T:Pdf4meClient.Pdf4meApiException">A server side error occurred.</exception>
            <param name="cancellationToken">A cancellation token that can be used by other objects or threads to receive notice of cancellation.</param>
        </member>
        <member name="M:Pdf4meClient.OptimizeClient.OptimizeByProfileAsync(Pdf4meClient.Profile,System.Object)">
            <returns>Result contains an optimized PDF document.</returns>
            <exception cref="T:Pdf4meClient.Pdf4meApiException">A server side error occurred.</exception>
        </member>
        <member name="M:Pdf4meClient.OptimizeClient.OptimizeByProfileAsync(Pdf4meClient.Profile,System.Object,System.Threading.CancellationToken)">
            <returns>Result contains an optimized PDF document.</returns>
            <exception cref="T:Pdf4meClient.Pdf4meApiException">A server side error occurred.</exception>
            <param name="cancellationToken">A cancellation token that can be used by other objects or threads to receive notice of cancellation.</param>
        </member>
        <member name="M:Pdf4meClient.OptimizeClient.OptimizeAsync(Pdf4meClient.Optimize)">
            <returns>Result contains an optimized PDF document.</returns>
            <exception cref="T:Pdf4meClient.Pdf4meApiException">A server side error occurred.</exception>
        </member>
        <member name="M:Pdf4meClient.OptimizeClient.OptimizeAsync(Pdf4meClient.Optimize,System.Threading.CancellationToken)">
            <returns>Result contains an optimized PDF document.</returns>
            <exception cref="T:Pdf4meClient.Pdf4meApiException">A server side error occurred.</exception>
            <param name="cancellationToken">A cancellation token that can be used by other objects or threads to receive notice of cancellation.</param>
        </member>
        <member name="M:Pdf4meClient.ConvertClient.ConvertFileToPdfAsync(System.Object)">
            <returns>Result contains an optimized PDF document.</returns>
            <exception cref="T:Pdf4meClient.Pdf4meApiException">A server side error occurred.</exception>
        </member>
        <member name="M:Pdf4meClient.ConvertClient.ConvertFileToPdfAsync(System.Object,System.Threading.CancellationToken)">
            <returns>Result contains an optimized PDF document.</returns>
            <exception cref="T:Pdf4meClient.Pdf4meApiException">A server side error occurred.</exception>
            <param name="cancellationToken">A cancellation token that can be used by other objects or threads to receive notice of cancellation.</param>
        </member>
        <member name="M:Pdf4meClient.ConvertClient.ConvertToPdfAsync(Pdf4meClient.ConvertToPdf)">
            <returns>Result contains an optimized PDF document.</returns>
            <exception cref="T:Pdf4meClient.Pdf4meApiException">A server side error occurred.</exception>
        </member>
        <member name="M:Pdf4meClient.ConvertClient.ConvertToPdfAsync(Pdf4meClient.ConvertToPdf,System.Threading.CancellationToken)">
            <returns>Result contains an optimized PDF document.</returns>
            <exception cref="T:Pdf4meClient.Pdf4meApiException">A server side error occurred.</exception>
            <param name="cancellationToken">A cancellation token that can be used by other objects or threads to receive notice of cancellation.</param>
        </member>
        <member name="M:Pdf4meClient.DocumentClient.GetDocumentsAsync(System.Guid)">
            <summary>GetDocuments</summary>
            <returns>GetDocuments Result</returns>
            <exception cref="T:Pdf4meClient.Pdf4meApiException">A server side error occurred.</exception>
        </member>
        <member name="M:Pdf4meClient.DocumentClient.GetDocumentsAsync(System.Guid,System.Threading.CancellationToken)">
            <summary>GetDocuments</summary>
            <returns>GetDocuments Result</returns>
            <exception cref="T:Pdf4meClient.Pdf4meApiException">A server side error occurred.</exception>
            <param name="cancellationToken">A cancellation token that can be used by other objects or threads to receive notice of cancellation.</param>
        </member>
        <member name="M:Pdf4meClient.DocumentClient.GetDocumentAsync(Pdf4meClient.GetDocumentReq)">
            <summary>GetDocument</summary>
            <returns>GetDocument Result</returns>
            <exception cref="T:Pdf4meClient.Pdf4meApiException">A server side error occurred.</exception>
        </member>
        <member name="M:Pdf4meClient.DocumentClient.GetDocumentAsync(Pdf4meClient.GetDocumentReq,System.Threading.CancellationToken)">
            <summary>GetDocument</summary>
            <returns>GetDocument Result</returns>
            <exception cref="T:Pdf4meClient.Pdf4meApiException">A server side error occurred.</exception>
            <param name="cancellationToken">A cancellation token that can be used by other objects or threads to receive notice of cancellation.</param>
        </member>
        <member name="M:Pdf4meClient.DocumentClient.DropDocumentAsync(Pdf4meClient.DropDocumentReq)">
            <summary>DropDocument</summary>
            <returns>Contains the JobId, DocumentId and Overview of the droped docs</returns>
            <exception cref="T:Pdf4meClient.Pdf4meApiException">A server side error occurred.</exception>
        </member>
        <member name="M:Pdf4meClient.DocumentClient.DropDocumentAsync(Pdf4meClient.DropDocumentReq,System.Threading.CancellationToken)">
            <summary>DropDocument</summary>
            <returns>Contains the JobId, DocumentId and Overview of the droped docs</returns>
            <exception cref="T:Pdf4meClient.Pdf4meApiException">A server side error occurred.</exception>
            <param name="cancellationToken">A cancellation token that can be used by other objects or threads to receive notice of cancellation.</param>
        </member>
        <member name="M:Pdf4meClient.DocumentClient.ProduceDocumentsAsync(Pdf4meClient.ProduceDocuments)">
            <summary>ProduceDocuments</summary>
            <returns>Contains the JobId, DocumentId and Overview of the droped docs</returns>
            <exception cref="T:Pdf4meClient.Pdf4meApiException">A server side error occurred.</exception>
        </member>
        <member name="M:Pdf4meClient.DocumentClient.ProduceDocumentsAsync(Pdf4meClient.ProduceDocuments,System.Threading.CancellationToken)">
            <summary>ProduceDocuments</summary>
            <returns>Contains the JobId, DocumentId and Overview of the droped docs</returns>
            <exception cref="T:Pdf4meClient.Pdf4meApiException">A server side error occurred.</exception>
            <param name="cancellationToken">A cancellation token that can be used by other objects or threads to receive notice of cancellation.</param>
        </member>
        <member name="M:Pdf4meClient.ExtractClient.ExtractPagesAsync(System.String,System.Object)">
            <returns>Result contains an extracted PDF document.</returns>
            <exception cref="T:Pdf4meClient.Pdf4meApiException">A server side error occurred.</exception>
        </member>
        <member name="M:Pdf4meClient.ExtractClient.ExtractPagesAsync(System.String,System.Object,System.Threading.CancellationToken)">
            <returns>Result contains an extracted PDF document.</returns>
            <exception cref="T:Pdf4meClient.Pdf4meApiException">A server side error occurred.</exception>
            <param name="cancellationToken">A cancellation token that can be used by other objects or threads to receive notice of cancellation.</param>
        </member>
        <member name="M:Pdf4meClient.ExtractClient.ExtractAsync(Pdf4meClient.Extract)">
            <returns>Result contains an extracted PDF document.</returns>
            <exception cref="T:Pdf4meClient.Pdf4meApiException">A server side error occurred.</exception>
        </member>
        <member name="M:Pdf4meClient.ExtractClient.ExtractAsync(Pdf4meClient.Extract,System.Threading.CancellationToken)">
            <returns>Result contains an extracted PDF document.</returns>
            <exception cref="T:Pdf4meClient.Pdf4meApiException">A server side error occurred.</exception>
            <param name="cancellationToken">A cancellation token that can be used by other objects or threads to receive notice of cancellation.</param>
        </member>
        <member name="M:Pdf4meClient.ImageClient.CreateThumbnailAsync(System.Int32,System.String,System.String,System.Object)">
            <returns>Result contains an extracted PDF document.</returns>
            <exception cref="T:Pdf4meClient.Pdf4meApiException">A server side error occurred.</exception>
        </member>
        <member name="M:Pdf4meClient.ImageClient.CreateThumbnailAsync(System.Int32,System.String,System.String,System.Object,System.Threading.CancellationToken)">
            <returns>Result contains an extracted PDF document.</returns>
            <exception cref="T:Pdf4meClient.Pdf4meApiException">A server side error occurred.</exception>
            <param name="cancellationToken">A cancellation token that can be used by other objects or threads to receive notice of cancellation.</param>
        </member>
        <member name="M:Pdf4meClient.ImageClient.CreateImagesAsync(Pdf4meClient.CreateImages)">
            <returns>Result contains a PDF-A compatible document.</returns>
            <exception cref="T:Pdf4meClient.Pdf4meApiException">A server side error occurred.</exception>
        </member>
        <member name="M:Pdf4meClient.ImageClient.CreateImagesAsync(Pdf4meClient.CreateImages,System.Threading.CancellationToken)">
            <returns>Result contains a PDF-A compatible document.</returns>
            <exception cref="T:Pdf4meClient.Pdf4meApiException">A server side error occurred.</exception>
            <param name="cancellationToken">A cancellation token that can be used by other objects or threads to receive notice of cancellation.</param>
        </member>
        <member name="M:Pdf4meClient.JobClient.CreateArchiveJobConfigAsync(Pdf4meClient.ArchiveJobReq)">
            <summary>CreateArchiveJobConfig</summary>
            <returns>Result contains an exucution JobConfig Id</returns>
            <exception cref="T:Pdf4meClient.Pdf4meApiException">A server side error occurred.</exception>
        </member>
        <member name="M:Pdf4meClient.JobClient.CreateArchiveJobConfigAsync(Pdf4meClient.ArchiveJobReq,System.Threading.CancellationToken)">
            <summary>CreateArchiveJobConfig</summary>
            <returns>Result contains an exucution JobConfig Id</returns>
            <exception cref="T:Pdf4meClient.Pdf4meApiException">A server side error occurred.</exception>
            <param name="cancellationToken">A cancellation token that can be used by other objects or threads to receive notice of cancellation.</param>
        </member>
        <member name="M:Pdf4meClient.JobClient.RunJobAsync(Pdf4meClient.Job)">
            <summary>RunJob</summary>
            <returns>Result contains an exucution JobConfig Id</returns>
            <exception cref="T:Pdf4meClient.Pdf4meApiException">A server side error occurred.</exception>
        </member>
        <member name="M:Pdf4meClient.JobClient.RunJobAsync(Pdf4meClient.Job,System.Threading.CancellationToken)">
            <summary>RunJob</summary>
            <returns>Result contains an exucution JobConfig Id</returns>
            <exception cref="T:Pdf4meClient.Pdf4meApiException">A server side error occurred.</exception>
            <param name="cancellationToken">A cancellation token that can be used by other objects or threads to receive notice of cancellation.</param>
        </member>
        <member name="M:Pdf4meClient.JobClient.SaveJobConfigAsync(Pdf4meClient.JobConfig)">
            <summary>SaveJobConfig</summary>
            <returns>Result contains an exucution JobConfig Id</returns>
            <exception cref="T:Pdf4meClient.Pdf4meApiException">A server side error occurred.</exception>
        </member>
        <member name="M:Pdf4meClient.JobClient.SaveJobConfigAsync(Pdf4meClient.JobConfig,System.Threading.CancellationToken)">
            <summary>SaveJobConfig</summary>
            <returns>Result contains an exucution JobConfig Id</returns>
            <exception cref="T:Pdf4meClient.Pdf4meApiException">A server side error occurred.</exception>
            <param name="cancellationToken">A cancellation token that can be used by other objects or threads to receive notice of cancellation.</param>
        </member>
        <member name="M:Pdf4meClient.JobClient.JobConfigsAsync">
            <summary>JobConfigs</summary>
            <returns>Result contains an exucution JobConfig Id</returns>
            <exception cref="T:Pdf4meClient.Pdf4meApiException">A server side error occurred.</exception>
        </member>
        <member name="M:Pdf4meClient.JobClient.JobConfigsAsync(System.Threading.CancellationToken)">
            <summary>JobConfigs</summary>
            <returns>Result contains an exucution JobConfig Id</returns>
            <exception cref="T:Pdf4meClient.Pdf4meApiException">A server side error occurred.</exception>
            <param name="cancellationToken">A cancellation token that can be used by other objects or threads to receive notice of cancellation.</param>
        </member>
        <member name="M:Pdf4meClient.ManagementClient.VersionAsync">
            <summary>Version</summary>
            <returns>Version</returns>
            <exception cref="T:Pdf4meClient.Pdf4meApiException">A server side error occurred.</exception>
        </member>
        <member name="M:Pdf4meClient.ManagementClient.VersionAsync(System.Threading.CancellationToken)">
            <summary>Version</summary>
            <returns>Version</returns>
            <exception cref="T:Pdf4meClient.Pdf4meApiException">A server side error occurred.</exception>
            <param name="cancellationToken">A cancellation token that can be used by other objects or threads to receive notice of cancellation.</param>
        </member>
        <member name="M:Pdf4meClient.ManagementClient.ApiUsageAsync">
            <summary>ApiUsage</summary>
            <returns>ApiUsage to give overview of payment profile and number of api calls.</returns>
            <exception cref="T:Pdf4meClient.Pdf4meApiException">A server side error occurred.</exception>
        </member>
        <member name="M:Pdf4meClient.ManagementClient.ApiUsageAsync(System.Threading.CancellationToken)">
            <summary>ApiUsage</summary>
            <returns>ApiUsage to give overview of payment profile and number of api calls.</returns>
            <exception cref="T:Pdf4meClient.Pdf4meApiException">A server side error occurred.</exception>
            <param name="cancellationToken">A cancellation token that can be used by other objects or threads to receive notice of cancellation.</param>
        </member>
        <member name="M:Pdf4meClient.OcrClient.RecognizeDocumentAsync(Pdf4meClient.RecognizeDocument)">
            <summary>RecognizeDocument</summary>
            <returns>Recognize any document</returns>
            <exception cref="T:Pdf4meClient.Pdf4meApiException">A server side error occurred.</exception>
        </member>
        <member name="M:Pdf4meClient.OcrClient.RecognizeDocumentAsync(Pdf4meClient.RecognizeDocument,System.Threading.CancellationToken)">
            <summary>RecognizeDocument</summary>
            <returns>Recognize any document</returns>
            <exception cref="T:Pdf4meClient.Pdf4meApiException">A server side error occurred.</exception>
            <param name="cancellationToken">A cancellation token that can be used by other objects or threads to receive notice of cancellation.</param>
        </member>
        <member name="M:Pdf4meClient.PdfAClient.PdfAAsync(Pdf4meClient.CreatePdfA)">
            <returns>Result contains a PDF-A compatible document.</returns>
            <exception cref="T:Pdf4meClient.Pdf4meApiException">A server side error occurred.</exception>
        </member>
        <member name="M:Pdf4meClient.PdfAClient.PdfAAsync(Pdf4meClient.CreatePdfA,System.Threading.CancellationToken)">
            <returns>Result contains a PDF-A compatible document.</returns>
            <exception cref="T:Pdf4meClient.Pdf4meApiException">A server side error occurred.</exception>
            <param name="cancellationToken">A cancellation token that can be used by other objects or threads to receive notice of cancellation.</param>
        </member>
        <member name="M:Pdf4meClient.PdfAClient.CreatePdfAAsync(System.Nullable{Pdf4meClient.PdfCompliance},System.Object)">
            <returns>Result contains a PDF-A compatible document.</returns>
            <exception cref="T:Pdf4meClient.Pdf4meApiException">A server side error occurred.</exception>
        </member>
        <member name="M:Pdf4meClient.PdfAClient.CreatePdfAAsync(System.Nullable{Pdf4meClient.PdfCompliance},System.Object,System.Threading.CancellationToken)">
            <returns>Result contains a PDF-A compatible document.</returns>
            <exception cref="T:Pdf4meClient.Pdf4meApiException">A server side error occurred.</exception>
            <param name="cancellationToken">A cancellation token that can be used by other objects or threads to receive notice of cancellation.</param>
        </member>
        <member name="M:Pdf4meClient.SplitClient.SplitByPageNrAsync(System.Int32,System.Object)">
            <returns>Result contains a splited PDF document.</returns>
            <exception cref="T:Pdf4meClient.Pdf4meApiException">A server side error occurred.</exception>
        </member>
        <member name="M:Pdf4meClient.SplitClient.SplitByPageNrAsync(System.Int32,System.Object,System.Threading.CancellationToken)">
            <returns>Result contains a splited PDF document.</returns>
            <exception cref="T:Pdf4meClient.Pdf4meApiException">A server side error occurred.</exception>
            <param name="cancellationToken">A cancellation token that can be used by other objects or threads to receive notice of cancellation.</param>
        </member>
        <member name="M:Pdf4meClient.SplitClient.SplitAsync(Pdf4meClient.Split)">
            <returns>Result contains a splited PDF document.</returns>
            <exception cref="T:Pdf4meClient.Pdf4meApiException">A server side error occurred.</exception>
        </member>
        <member name="M:Pdf4meClient.SplitClient.SplitAsync(Pdf4meClient.Split,System.Threading.CancellationToken)">
            <returns>Result contains a splited PDF document.</returns>
            <exception cref="T:Pdf4meClient.Pdf4meApiException">A server side error occurred.</exception>
            <param name="cancellationToken">A cancellation token that can be used by other objects or threads to receive notice of cancellation.</param>
        </member>
        <member name="T:Pdf4meClient.ConvertToPdfRes">
            <summary>Converted Result</summary>
        </member>
        <member name="P:Pdf4meClient.ConvertToPdfRes.Document">
            <summary>Converted Document</summary>
        </member>
        <member name="P:Pdf4meClient.Document.JobId">
            <summary>JobId of Documents WorkingSet</summary>
        </member>
        <member name="P:Pdf4meClient.Document.DocumentId">
            <summary>DocumentId</summary>
        </member>
        <member name="P:Pdf4meClient.Document.Name">
            <summary>Give filename inlcuding filetype</summary>
        </member>
        <member name="P:Pdf4meClient.Document.DocStatus">
            <summary>Returns the Status of the Document</summary>
        </member>
        <member name="P:Pdf4meClient.Document.Pages">
            <summary>Description of pages</summary>
        </member>
        <member name="P:Pdf4meClient.Notification.GetNotification">
            <summary>Run execution in asynchronous way, get notified over Online WebHook</summary>
        </member>
        <member name="P:Pdf4meClient.Notification.ConnectionId">
            <summary>Will be used for Online WebHook</summary>
        </member>
        <member name="T:Pdf4meClient.Pdf4meException">
            <summary>Pdf4me Exception gives more information of what is the error.</summary>
        </member>
        <member name="P:Pdf4meClient.Pdf4meException.ErrorMessage">
            <summary>Human Readable Message of the error</summary>
        </member>
        <member name="T:Pdf4meClient.ConvertToPdf">
            <summary>Convert any document to a PDF</summary>
        </member>
        <member name="P:Pdf4meClient.ConvertToPdf.Notification">
            <summary>Set Notification</summary>
        </member>
        <member name="P:Pdf4meClient.ConvertToPdf.Document">
            <summary>Document containing the data</summary>
        </member>
        <member name="P:Pdf4meClient.ConvertToPdf.ConvertToPdfAction">
            <summary>Conversion configuration</summary>
        </member>
        <member name="P:Pdf4meClient.GetDocumentReq.GetNotified">
            <summary>Run the action asynchronously, get notified for any status changes.</summary>
        </member>
        <member name="P:Pdf4meClient.DropDocumentReq.GetNotified">
            <summary>Run the action asynchronously, get notified for any status changes.</summary>
        </member>
        <member name="T:Pdf4meClient.ProduceDocuments">
            <summary>Produce a Documents with the given Document Content and its actions</summary>
        </member>
        <member name="P:Pdf4meClient.ProduceDocuments.JobId">
            <summary>Document containing the data</summary>
        </member>
        <member name="P:Pdf4meClient.ProduceDocuments.Documents">
            <summary>Document containing the data</summary>
        </member>
        <member name="P:Pdf4meClient.ProduceDocuments.OcrAction">
            <summary>Document containing the data</summary>
        </member>
        <member name="P:Pdf4meClient.ProduceDocuments.PdfAAction">
            <summary>Document containing the data</summary>
        </member>
        <member name="P:Pdf4meClient.ProduceDocuments.OptimizeAction">
            <summary>Document containing the data</summary>
        </member>
        <member name="P:Pdf4meClient.ProduceDocuments.ProduceOutput">
            <summary>Document containing the data</summary>
        </member>
        <member name="P:Pdf4meClient.ProduceDocuments.Notification">
            <summary>Set Notification</summary>
        </member>
        <member name="T:Pdf4meClient.PdfAAction">
            <summary>The CreatePdfA accepts files from many different applications and automatically 
            converts them into PDF/A. The level of conformity can be set to level A, U, or B. ICC color profiles for 
            device-dependent color profiles and font types are embedded in the document.There is an option to provide 
            the entire character set for fonts (no subsetting) to facilitate editing at a later stage. Missing fonts 
            are reproduced as close to the original as possible via font recognition. Metadata can be generated 
            automatically or added from external sources. The tool also detects and automatically repairs problems 
            typical of the PDF format.A digital signature can be applied and a conformity check carried out at the 
            end of the process.</summary>
        </member>
        <member name="P:Pdf4meClient.PdfAAction.FontsToSubset">
            <summary>By default, fonts that are embedded are automatically subset to minimize the file size. 
            If for any reason, e.g. postprocessing, fonts shall not be subset, set the property 
            SubsetFonts to false. Whether fonts are subset or not is irrelevant with respect to 
            the compliance with PDF/A. (Relevant is only that all used glyphs are contained in the font program.)
             Additionals Fonts can be given in this FontsToSubset List</summary>
        </member>
        <member name="P:Pdf4meClient.PdfAAction.Compliance">
            <summary>Other listed entries (e.g. ePDF10, ePDF11, .. .ePDF17, ePDFUnk) are not supported as output compliance 
            level.
            Some files cannot be converted to the compliance requested. This will be
            detected and up- (AllowUpgrade) or downgrade (AllowDowngrade) the compliance automatically.</summary>
        </member>
        <member name="P:Pdf4meClient.PdfAAction.AllowDowngrade">
            <summary>If set to True, automatic downgrade of the PDF/A conformance level is allowed, e.g. from PDF/A-1a to PDF/A-1b.
            If this property is set to True, the level is downgraded under the following conditions:
            
            - Downgrade to level B: If a file contains text that is not extractable (i.e.missing ToUnicode information).
            Example: Downgrade PDF/A-2u to PDF/A-2b.
            - Downgrade to level U (PDF/A-2 and PDF/A-3) or B(PDF/A-1): Level A requires logical structure information and
            “tagging” information, so if a file contains no such information, its level is downgraded.
            <para>
            Logical structure information in a PDF defines the structure of content, such as titles, paragraphs, figures, reading order, tables or articles.Logical structure elements can be “tagged” with descriptions or alternative text.
            “Tagging” allows the contents of an image to be described to the visually impaired.
            It is not possible for Pdf/A converter to add meaningful tagging information. Adding
            tagging information without prior knowledge about the input file’s structure and content is neither possible nor
            allowed by the PDF/A standard. For that reason, the conformance level is automatically downgraded to level B or U.
            Example: Downgrade PDF/A-1a to PDF/A-1b.
            </para><para>
            If set to False and an input file cannot be converted to the requested standard, e.g.because of missing “tagging”
            information, the conversion is aborted and the ErrorCode set to PDF_E_DOWNGRADE.
            </para></summary>
        </member>
        <member name="P:Pdf4meClient.PdfAAction.AllowUpgrade">
            <summary> If set to True, automatic upgrade of the PDF/A version is allowed. If the target standard is PDF/A-1 and a file
            contains elements that cannot be converted to PDF/A-1, the target standard is upgraded to PDF/A-2. This avoids
            significant visual differences in the output file.
            For example, the following elements may lead to an automatic upgrade:
            - Transpanrecy
            - Optional content groups(OCG, layers)
            - Real values that exceed the implementation limit of PDF/A-1
            - Embedded OpenType font files
            - Predefined CMap encodings in Type0 fonts
            
             If set to False, the compliance is not upgraded.Depeding on the value of the ConversionErrorMask the
            conversion this will fail with a conversion error PDF_E_CONVERSION</summary>
        </member>
        <member name="P:Pdf4meClient.PdfAAction.OutputIntentProfile">
            <summary><para>
                        Set or get the path to the ICC profile for the output intent.
                        </para>
            <para>
                        The given profile is embedded only if the input file does not contain a PDF/A output intent already
                        </para></summary>
        </member>
        <member name="P:Pdf4meClient.PdfAAction.Linearize">
            <summary><para>
                        Get or set whether to linearize the PDF output file, i.e. optimize file for fast web access.
                        A linearized document has a slightly larger file size than a non-linearized file and provides the following main features:
                        - When a document is opened in a PDF viewer of a web browser, the first page can be viewed without downloading the entire 
                        PDF file.In contrast, a non-linearized PDF file must be downloaded completely before the firstpage can be displayed.
                        - When another page is requested by the user, that page is displayed as quickly as possible and incrementally as
                        data arrives, without downloading the entire PDF file.
                        </para>
            <para>
                        Signed files cannot be linearizes.So this property must be set to False if
                        a digital signature is applied.
                        </para></summary>
        </member>
        <member name="P:Pdf4meClient.OptimizeAction.Profile">
            <summary>With this property one of the predefined optimization profiles can be set. If a profile is set then all the properties
            listed in TPDFOptimizationProfile(table Profile Settings) are set to their respective values.Properties not
            listed in this table are left unchanged.
            One way of quickly arriving at a specific setting is to first set the Profile and then adapt the configuration by
            setting some of the individual properties.</summary>
        </member>
        <member name="P:Pdf4meClient.OptimizeAction.RemoveRedundantObjects">
            <summary>Get or set whether redundant objects should be removed. If this property is
            set to True, duplicate objects are removed in order to reduce the file size.
            
            {default: false}</summary>
        </member>
        <member name="P:Pdf4meClient.OptimizeAction.SubsetFonts">
            <summary>This property influences two optimizations related to subsetted fonts:
            - Subset embedded fonts.
            - Merge embedded font programs of different subsets of the same font, granted they can be merged.
             <para>
            Sub-setting refers to removing those glyphs in a font that are not actually
            used in any text contained in the PDF.
             </para>{default: false}</summary>
        </member>
        <member name="P:Pdf4meClient.OptimizeAction.OptimizeResources">
            <summary>Get or set whether resources should be optimized. If set, unused resources
            such as images, fonts, and color spaces are removed.Also content streams
            are re-built.
            
            {default: false}</summary>
        </member>
        <member name="P:Pdf4meClient.OptimizeAction.ForceCompressionTypes">
            <summary>If this option is set, then re-compression of images is forced if an image in the
            input PDF has a compression type that differs from the compression types
            given in ContinuousCompressions, BitonalCompressions, or IndexedCompressions. Use this option if you want to allow only the given
            compression types for images in the output PDF.
            {default: false}</summary>
        </member>
        <member name="P:Pdf4meClient.OptimizeAction.ForceRecompression">
            <summary>If set, all images are always recompressed.If not set (default), images are only
            recompressed if the resulting image is smaller than the original, i.e.requires
            less bytes to store in the file.
            
            {default: false}</summary>
        </member>
        <member name="P:Pdf4meClient.OptimizeAction.ReduceColorComplexity">
            <summary>This property is used to enable color complexity reduction of images. (See
            also Provided Features for Optimizing Images.)
            If enabled then images with device color spaces(DeviceRGB, DeviceCMYK,
            or DeviceGray) and indexed images with a device color space as base color
            space are analyzed and if possible converted as follows:
            - An image with DeviceRGB or DeviceCMYK color space in which all pixels
            are gray is converted to a grayscale image with DeviceGray color space.
            - An image that contains only black and white pixels is converted into a bitonal image.
            - An image in which all the pixels have the same color is down-sampled to one pixel.
            Furthermore, images’ masks and soft masks are optimized as follows:
            - A soft mask that contains only black and white pixels is converted to a mask.
            - A (soft) mask that is opaque is removed.
            
            {default: false}</summary>
        </member>
        <member name="P:Pdf4meClient.OptimizeAction.MergeEmbeddedFonts">
            <summary>Merge embedded font programs. Font programs can be merged, if they
            originate from the same font, e.g.they are of the same type, have the same
            name and encoding.Merging of Type1(PostScript) and TrueType fonts is supported.</summary>
        </member>
        <member name="P:Pdf4meClient.OptimizeAction.BitonalCompressions">
            <summary>Get or set the compression types for bi-tonal images.
            Several values can be combined.The following values are allowed:
            ComprAttemptNone
            ComprAttemptRaw
            ComprAttemptFlate
            ComprAttemptLZW
            ComprAttemptGroup3
            ComprAttemptGroup4
            ComprAttemptSource
            ComprAttemptJBIG2
            Other values are ignored.
             <para>
            During optimization, all set compression types are tried and the one resulting in the least memory footprint is taken.
            Typically, CCITT Group 4 or JBIG2 is used for bi-tonal compression. Due to the simpler algorithm CCITT Group 4 has
            the advantage of being faster. JBIG2 can achieve compression ratios that are up to twice as high as CCITT Group 4
            at the cost of longer computation time.
             </para>{default: ComprAttemptNone}</summary>
        </member>
        <member name="P:Pdf4meClient.OptimizeAction.BitonalResolutionDPI">
            <summary>Get or set the target resolution in dots per inch (DPI) after re-sampling images
            for bi-tonal images.See also ResolutionDPI.
            
            {default: 200}</summary>
        </member>
        <member name="P:Pdf4meClient.OptimizeAction.BitonalThresholdDPI">
            <summary>Get or set the threshold resolution in dots per inch (DPI) to selectively activate
            re-sampling for bi-tonal images.The value -1 deactivates re-sampling for bitonal images. See also ThresholdDPI.
            
            {default: -1}</summary>
        </member>
        <member name="P:Pdf4meClient.OptimizeAction.ClipImages">
            <summary>Get or set the option to clip images. When enabled, then invisible parts of images are clipped (cropped). 
            While this does not affect visual parts of images, it may have a minor visual impact because clipped 
            images are re-compressed. Pre-blended images are not clipped. Enabling this property will also 
            enable the OptimizeResources property.
                        
            {default: false}</summary>
        </member>
        <member name="P:Pdf4meClient.OptimizeAction.ContinuousCompressions">
            <summary>Get or set the compression types to be tried for continuous images, i.e. RGB, CMYK, and grayscale images.
            See also TPDFComprAttempt. Several values can be combined with bitwise or operators.
            Other values are ignored. During optimization, all set compression types are tried and the one resulting in 
            the least memory footprint is taken.
            
            {default: ComprAttemptNone}</summary>
        </member>
        <member name="P:Pdf4meClient.OptimizeAction.Linearize">
            <summary>Get or set whether to linearize the PDF output file, i.e. optimize file for fast web access. 
            A linearized document has a slightly larger file size than a non-linearized file and provides the following main features: 
            - When a document is opened in a PDF viewer of a web browser, the first page can be viewed without downloading the entire 
            PDF file.In contrast, a non-linearized PDF file must be downloaded completely before the first page can be displayed.
            - When another page is requested by the user, that page is displayed as quickly as possible and incrementally as 
            data arrives, without downloading the entire PDF file.
             <para>
            Signed files cannot be linearizes. So this property must be set to False if a digital signature is applied.
             </para>{default: false}</summary>
        </member>
        <member name="P:Pdf4meClient.OptimizeAction.ImageQuality">
            <summary>Get or set the quality index of lossy compression types. This value ranges 
            from 1 to 100 and is applied to JPEG and JPEG2000 compression.For
            JPEG2000, a quality index of 100 means lossless compression.JPEG compression is always lossy.
            
            {default: 75}</summary>
        </member>
        <member name="P:Pdf4meClient.OptimizeAction.IndexedCompressions">
            <summary>Get or set the compression types for images that have an indexed (“palette”)
            color space.See also TPDFComprAttempt.
            Several values can be combined with bitwise or operators.The following values are allowed:
            - ComprAttemptNone
            - ComprAttemptRaw
            - ComprAttemptFlate
            - ComprAttemptLZW
            - ComprAttemptSource
            Other values are ignored.
             <para>
            During optimization, all set compression types are tried and the one resulting in the least memory footprint is taken.
             </para>{default: ComprAttemptFlate}</summary>
        </member>
        <member name="P:Pdf4meClient.OptimizeAction.DitheringMode">
            <summary>This option enables or disables dithering when down-sampling bi-tonal images.
            The only values supported are eDitherNone and eDitherFloydSteinberg.
            Some bi-tonal images try to evoke the impression of different levels of gray
             by randomly setting pixels to black.If dithering is applied during downsampling 
             then the gray levels of such images are preserved better.If dithering is switched 
             off then lines (e.g.text glyphs) are preserved better.
             
             {default: DitherNone}</summary>
        </member>
        <member name="P:Pdf4meClient.OptimizeAction.ColorResolutionDPI">
            <summary>Get or set the target resolution in dots per inch (DPI) after re-sampling images
            for color images.See also ResolutionDPI.
            
            {default: 150}</summary>
        </member>
        <member name="P:Pdf4meClient.OptimizeAction.ColorThresholdDPI">
            <summary>Get or set the threshold resolution in dots per inch (DPI) to selectively activate
            re-sampling for color images.The value -1 deactivates re-sampling for color
            images. See also ThresholdDPI.
            
            {default: -1}</summary>
        </member>
        <member name="P:Pdf4meClient.OptimizeAction.MonochromeResolutionDPI">
            <summary>Get or set target resolution in dots per inch (DPI) after re-sampling images
            for monochrome images.See also ResolutionDPI.
            
            {default: 150}</summary>
        </member>
        <member name="P:Pdf4meClient.OptimizeAction.MonochromeThresholdDPI">
            <summary>Get or set the threshold resolution in dots per inch (DPI) to selectively activate
            re-sampling for monochrome images.The value -1 deactivates re-sampling
            for monochrome images. See also ThresholdDPI.
            
            {default: -1}</summary>
        </member>
        <member name="P:Pdf4meClient.OptimizeAction.ResolutionDPI">
            <summary>Get or set the resolution in DPI (dots per inch) after re-sampling images.
            This property affects all three image compression types(BitonalResolutionDPI, ColorResolutionDPI, MonochromeResolutionDPI).
            A typical value for the resolution when optimizing for the web is 150 DPI.For
            printing typically no re-sampling is applied(see property ThresholdDPI).
            Pre-blended images, images with a color key mask, mask, and soft mask images are not re-sampled.
            When getting ResolutionDPI, the property returns the target resolution in DPI for color images.
            
            {default: Different defaults apply to different image types}</summary>
        </member>
        <member name="P:Pdf4meClient.OptimizeAction.ThresholdDPI">
            <summary>Set the threshold in DPI (dots per inch) to selectively activate re-sampling.
            Only images with a resolution above the threshold DPI will be re-sampled.
            This property affects all three image compression types(BitonalThresholdDPI, ColorThresholdDPI, MonochromeThresholdDPI). The
            value -1 deactivates re-sampling.
            
            {default: -1}</summary>
        </member>
        <member name="P:Pdf4meClient.OptimizeAction.Strip">
            <summary> Get or set the stripping mode. This mode can be configured to remove unneeded data of a PDF document such as Threads, Metadata, the PieceInfo,
            the StructTreeRoot entry, embedded Thumbs and the SpiderInfo entry.Also
            this mode is used to indicate whether to flatten form fields, links, and other
            annotations.Multiple values of TPDFStripType can be combined with the
            bitwise or operator.
            
             {default: StripThreads}</summary>
        </member>
        <member name="P:Pdf4meClient.OptimizeAction.InfoEntries">
            <summary> Set a key-value pair in the document info dictionary. Values of predefined keys are also stored in the XMP metadata.
            Popular entries specified in the PDF Reference 1.7 and accepted by most PDF viewers are "Title", "Author",
            "Subject", "Creator" (sometimes referred to as Application), and "Producer" (sometimes referred to as
             PDF Creator).</summary>
        </member>
        <member name="P:Pdf4meClient.OptimizeAction.FlattenSignatureFields">
            <summary>A signature in a PDF consist of two parts:
            a.The invisible digital signature in the PDF.
            b.The visual appearance that was attributed to the signature.
            Part (a) can be used by a viewing application, to verify that a document has not changed since it has been signed
            and report this to the user.Part(b) is merely a “decorative” element on the page without further significance.
            When optimizing a PDF, the PDF is altered and hence the digital signature is broken.Therefore, all signatures are removed
            , including parts(a) and(b).
            When the property FlattenSignatureFields is set to True, then digital signatures(parts (a)) are still removed,
            but their visual appearances(parts (b)) are flattened.I.e.the latter are retained and drawn as non-editable graphic
            onto the page.
            <para>
            Note: The resulting PDF can be misleading as it visually appears to be signed,
            but it has no digital signature and hence, a viewer application does not report any
            broken signature.In most cases, such a behavior is undesirable</para></summary>
        </member>
        <member name="T:Pdf4meClient.ProduceDocumentsRes">
            <summary>Stamp Request with core data to stamp</summary>
        </member>
        <member name="P:Pdf4meClient.ProduceDocumentsRes.Documents">
            <summary>Stamped Document</summary>
        </member>
        <member name="P:Pdf4meClient.Extract.Notification">
            <summary>Set Notification</summary>
        </member>
        <member name="T:Pdf4meClient.CreateThumbnailRes">
            <summary>Get Thumbnails</summary>
        </member>
        <member name="P:Pdf4meClient.CreateThumbnailRes.Document">
            <summary>Document containing the data</summary>
        </member>
        <member name="T:Pdf4meClient.CreateImages">
            <summary>Thumbnails document</summary>
        </member>
        <member name="P:Pdf4meClient.CreateImages.Document">
            <summary>Stamped Document</summary>
        </member>
        <member name="P:Pdf4meClient.CreateImages.ImageAction">
            <summary>MrcAction configuration</summary>
        </member>
        <member name="P:Pdf4meClient.CreateImages.Notification">
            <summary>Set Notification</summary>
        </member>
        <member name="P:Pdf4meClient.ImageAction.PageSelection">
            <summary>Set the Pages wo apply the convertion.
            
            {default: PageSelection.All}</summary>
        </member>
        <member name="P:Pdf4meClient.ImageAction.Center">
            <summary>Set or get the center mode. When set to True, the document is horizontally and vertically centered on the page.
            When set to False, the document is printed to the upper left corner of the page.
            
            {default: false}</summary>
        </member>
        <member name="P:Pdf4meClient.ImageAction.FitPage">
            <summary>set the fit page mode. If set to True, the page is scaled to fit the image (in either width or height). If set to
            False, the page is rendered with its true size.
            {default: true}</summary>
        </member>
        <member name="P:Pdf4meClient.ImageAction.BitsPerPixel">
            <summary>Get or set the color depth. Bi-tonal: 1, gray scale: 8, RGB true color: 24, CMYK: 32.
            
            {default: 24}</summary>
        </member>
        <member name="P:Pdf4meClient.ImageAction.BilevelThreshold">
            <summary>Set the threshold for converting from gray to bi-tonal when Dithering is eDitherNone. Value must be in
            the range of 0 to 255.
            
            {default: 181}</summary>
        </member>
        <member name="P:Pdf4meClient.ImageAction.RenderOptions">
            <summary>Set a specific rendering option.</summary>
        </member>
        <member name="P:Pdf4meClient.ImageAction.RotateMode">
            <summary>Set the rotation mode of the page.
            
            Attribute: Set the rotation to the viewing rotation attribute of the PDF page, i.e. rendering the
            page with the same rotation as it is displayed in a PDF viewer.
            
            {default: Attribute}</summary>
        </member>
        <member name="P:Pdf4meClient.ImageAction.PreserveAspectRatio">
            <summary>If True a uniform up- or down-scaling is applied, i.e. the output image has the same ratio of width to height as the
            input file and its size will fit into the defined dimensions, given by SetBitmapDimensions.
            
            {default: true}</summary>
        </member>
        <member name="P:Pdf4meClient.ImageAction.ImageQuality">
            <summary>Set the quality index of lossy compression types. This value ranges from 1 to 100 and is applied to JPEG and
            JPEG2000 compression.For JPEG2000, a quality index of 100 means lossless compression.JPEG compression is
            always lossy.
            
            {default: 80}</summary>
        </member>
        <member name="P:Pdf4meClient.ImageAction.CmsEngine">
            <summary>Set the Color Management System (CMS) Engine. 
            
            {default: 80}</summary>
        </member>
        <member name="P:Pdf4meClient.ImageAction.CustomCMSConfig">
            <summary>Set the Color Management System (CMS) Engine. 
            
            {default: 80}</summary>
        </member>
        <member name="P:Pdf4meClient.ImageAction.Dithering">
            <summary>Set the dithering algorithm.Dithering refers to the procedure of simulating colors or grayscales.This is mainly
            useful for low color depth (e.g.black and white or indexed) images.
            The supported values for TPDFDithering are listed in the corresponding enumeration.
            {default: DitherFloydSteinberg}</summary>
        </member>
        <member name="P:Pdf4meClient.ImageAction.Dpi">
            <summary><p>
                        Get or set the resolution of the image in DPI (dots per inch).
                        Set Both the resolutions for the x- and y-axis are set to the same value.
                        </p>
            <p>
                        Setting DPI is redundant to setting the specialized properties XDPI and YDPI.
                        </p>
            {default: 150}</summary>
        </member>
        <member name="P:Pdf4meClient.ImageAction.FillOrder">
            <summary>Set the bit fill order.  MSB (Most significant bit) or LSB (Least significant bit) first.
            
            {default: MostSignificantBit}</summary>
        </member>
        <member name="P:Pdf4meClient.ImageAction.FilterRatio">
            <summary><p>
                        This property is used to enable and parameterize super-sampling, a technique to initially render the image at a
                        higher resolution and then sample it down to the target resolution.As a result of that process the final image
                        appears smoother, i.e.anti-aliased.
                        </p>
            <p>
                        Applying super-sampling improves the image quality when rendering at low target resolutions(72 DPI or less); the
                        higher the target resolution the less the visual impact.
                        This property requires memory and CPU time quadratically to the ratio, therefore only small values, such as 2 or 3
                        should be used.
                        </p>
            <p>
                        If a too high value (in combination with the original image size) is set, it is ignored.
                        </p>
            {default: 1}</summary>
        </member>
        <member name="P:Pdf4meClient.ImageAction.ImageExtension">
            <summary>Set output Type for image file.</summary>
        </member>
        <member name="P:Pdf4meClient.ImageAction.ColorSpace">
            <summary>Set color space of the output image, see enumeration TPDFColorSpace.
            For black white bi-tonal images, a gray color space must be selected
            
            {default: ColorRGB}</summary>
        </member>
        <member name="P:Pdf4meClient.ImageAction.Compression">
            <summary>Get or set the compression type of TIFF images. For any other image format, the compression is automatically
            defined by the file extension(the file name).
            The supported values for TPDFCompression are listed in the corresponding enumeration.
                        
            {default: ComprLZW}</summary>
        </member>
        <member name="P:Pdf4meClient.PageSelection.PageNrs">
            <summary>Give a list of PageNrs to apply the action.<br />
            PageNrs overruels PageIds and PageSequence</summary>
        </member>
        <member name="P:Pdf4meClient.PageSelection.PageIds">
            <summary>Give a List of PagesIds to apply the action.<br />
            PageIds overrules the PageSequence</summary>
        </member>
        <member name="P:Pdf4meClient.PageSelection.PageSequence">
            <summary>{default: PageSelection.All}</summary>
        </member>
        <member name="T:Pdf4meClient.CreateImagesRes">
            <summary>Get Thumbnails</summary>
        </member>
        <member name="P:Pdf4meClient.CreateImagesRes.Document">
            <summary>Document containing the data</summary>
        </member>
        <member name="T:Pdf4meClient.ArchiveConfig">
            <summary>ArchiveConfig</summary>
        </member>
        <member name="P:Pdf4meClient.ArchiveConfig.ArchiveMetadata">
            <summary>Give the documents metadata for archiving.</summary>
        </member>
        <member name="P:Pdf4meClient.ArchiveConfig.StampAction">
            <summary>Place a signature stamp on to the document.</summary>
        </member>
        <member name="P:Pdf4meClient.ArchiveConfig.SignatureConfig">
            <summary>Give your Signature Configure to get the electronical Identity.</summary>
        </member>
        <member name="P:Pdf4meClient.ArchiveConfig.UseTSA">
            <summary>To guarantee the time of change use a Time Stamp Service.</summary>
        </member>
        <member name="T:Pdf4meClient.StampAction">
            <summary>Define Stamp to place on Document</summary>
        </member>
        <member name="P:Pdf4meClient.StampAction.Alpha">
            <summary>The opacity of the stamp as a whole. 1.0 for fully opaque, 0.0 for fully transparent.
            Default: 1.0
            The PDF/A-1 standard does not allow transparency.Therefore, for PDF/A-1 conforming input files you must
            not set alpha to a value other than 1.0</summary>
        </member>
        <member name="P:Pdf4meClient.StampAction.Scale">
            <summary>Modify scale of stamp. Allowed values for ‹scale_set› are:
             - relToA4: Scale the stamp relative to the page size. For example, make stamp half as large on a A5 and
            twice as large on a A3 page as specified.</summary>
        </member>
        <member name="P:Pdf4meClient.Text.Size">
            <summary>The font size in points, e.g. 12. If set to 0, the size is chosen such that text fits stamp size (not allowed if operator is within transformation operator).</summary>
        </member>
        <member name="T:Pdf4meClient.RunJobRes">
            <summary>Run Job</summary>
        </member>
        <member name="P:Pdf4meClient.RunJobRes.Documents">
            <summary>List of Document Result</summary>
        </member>
        <member name="P:Pdf4meClient.RunJobRes.Notification">
            <summary>Set Notification</summary>
        </member>
        <member name="P:Pdf4meClient.ApiUsageRes.ApiUsage">
            <summary>Api usage since last payment.</summary>
        </member>
        <member name="P:Pdf4meClient.ApiUsageRes.PayedUsage">
            <summary>Total Usage payed.</summary>
        </member>
        <member name="P:Pdf4meClient.ApiUsageRes.LastPayment">
            <summary>Date of last payment</summary>
        </member>
        <member name="P:Pdf4meClient.ApiUsageRes.PaymentProfile">
            <summary>Profile of selected payment</summary>
        </member>
        <member name="P:Pdf4meClient.Merge.Notification">
            <summary>Set Notification</summary>
        </member>
        <member name="T:Pdf4meClient.RecognizeDocument">
            <summary>Stamp Request with core data to stamp</summary>
        </member>
        <member name="P:Pdf4meClient.RecognizeDocument.Document">
            <summary>Give the document to change or use JobId/DocumentId to reference an uploaded document.</summary>
        </member>
        <member name="P:Pdf4meClient.RecognizeDocument.OcrAction">
            <summary>Give an image stamp</summary>
        </member>
        <member name="P:Pdf4meClient.RecognizeDocument.Notification">
            <summary>Set Notification</summary>
        </member>
        <member name="T:Pdf4meClient.RecognizeDocumentRes">
            <summary>Stamp Request with core data to stamp</summary>
        </member>
        <member name="P:Pdf4meClient.RecognizeDocumentRes.Document">
            <summary>Stamped Document</summary>
        </member>
        <member name="T:Pdf4meClient.OptimizeRes">
            <summary>Stamp Request with core data to stamp</summary>
        </member>
        <member name="P:Pdf4meClient.OptimizeRes.Document">
            <summary>Stamped Document</summary>
        </member>
        <member name="P:Pdf4meClient.OptimizeRes.Notification">
            <summary>Set Notification</summary>
        </member>
        <member name="T:Pdf4meClient.Optimize">
            <summary>Stamp Request with core data to stamp</summary>
        </member>
        <member name="P:Pdf4meClient.Optimize.Document">
            <summary>Give the document to change or use JobId/DocumentId to reference an uploaded document.</summary>
        </member>
        <member name="P:Pdf4meClient.Optimize.OptimizeAction">
            <summary>Give an image stamp</summary>
        </member>
        <member name="P:Pdf4meClient.Optimize.Notification">
            <summary>Set Notification</summary>
        </member>
        <member name="T:Pdf4meClient.CreatePdfA">
            <summary>PDF-A Request to create PDF-A compatible document.</summary>
        </member>
        <member name="P:Pdf4meClient.CreatePdfA.Document">
            <summary>Document containing the data</summary>
        </member>
        <member name="P:Pdf4meClient.CreatePdfA.PdfAAction">
            <summary>PdfAAction configuration</summary>
        </member>
        <member name="P:Pdf4meClient.CreatePdfA.Notification">
            <summary>Set Notification</summary>
        </member>
        <member name="T:Pdf4meClient.CreatePdfARes">
            <summary>Stamp Request with core data to stamp</summary>
        </member>
        <member name="P:Pdf4meClient.CreatePdfARes.Document">
            <summary>Stamped Document</summary>
        </member>
        <member name="P:Pdf4meClient.Split.Notification">
            <summary>Set Notification</summary>
        </member>
        <member name="T:Pdf4meClient.StampRes">
            <summary>Stamp Request with core data to stamp</summary>
        </member>
        <member name="P:Pdf4meClient.StampRes.Document">
            <summary>Stamped Document</summary>
        </member>
        <member name="T:Pdf4meClient.Stamp">
            <summary>Stamp Request with core data to stamp</summary>
        </member>
        <member name="P:Pdf4meClient.Stamp.Document">
            <summary>Give the document to change or use JobId/DocumentId to reference an uploaded document.</summary>
        </member>
        <member name="P:Pdf4meClient.Stamp.StampAction">
            <summary>Give an image stamp</summary>
        </member>
        <member name="P:Pdf4meClient.Stamp.Notification">
            <summary>Set Notification</summary>
        </member>
    </members>
</doc>
